{"cameraMode":{"drawMode":0,"name":"Shaded","section":"Shading Mode"},"sceneLighting":true,"audioPlay":false,"sceneViewState":{"m_AlwaysRefresh":false,"showFog":true,"showSkybox":true,"showFlares":true,"showImageEffects":true,"showParticleSystems":true,"showVisualEffectGraphs":true,"m_FxEnabled":true},"in2DMode":false,"pivot":{"x":19.307537078857423,"y":-11.299628257751465,"z":38.599388122558597},"rotation":{"x":-0.31315356492996218,"y":0.29844439029693606,"z":-0.10426533222198487,"w":-0.8957107663154602},"size":24.07906150817871,"orthographic":false}