{"cameraMode":{"drawMode":0,"name":"Shaded","section":"Shading Mode"},"sceneLighting":true,"audioPlay":false,"sceneViewState":{"m_AlwaysRefresh":false,"showFog":true,"showSkybox":true,"showFlares":true,"showImageEffects":true,"showParticleSystems":true,"showVisualEffectGraphs":true,"m_FxEnabled":true},"in2DMode":false,"pivot":{"x":29.901695251464845,"y":0.21950221061706544,"z":13.425331115722657},"rotation":{"x":0.06783772259950638,"y":0.726182222366333,"z":-0.07232935726642609,"w":0.6805791258811951},"size":3.3332157135009767,"orthographic":false}