{"cameraMode":{"drawMode":0,"name":"Shaded","section":"Shading Mode"},"sceneLighting":true,"audioPlay":false,"sceneViewState":{"m_AlwaysRefresh":false,"showFog":true,"showSkybox":true,"showFlares":true,"showImageEffects":true,"showParticleSystems":true,"showVisualEffectGraphs":true,"m_FxEnabled":true},"in2DMode":false,"pivot":{"x":-53.634071350097659,"y":-4.201759338378906,"z":18.757299423217775},"rotation":{"x":0.043463654816150668,"y":-0.6913333535194397,"z":0.041763171553611758,"w":0.7201224565505981},"size":37.26115417480469,"orthographic":false}