{"cameraMode":{"drawMode":0,"name":"Shaded","section":"Shading Mode"},"sceneLighting":true,"audioPlay":false,"sceneViewState":{"m_AlwaysRefresh":false,"showFog":true,"showSkybox":true,"showFlares":true,"showImageEffects":true,"showParticleSystems":true,"showVisualEffectGraphs":true,"m_FxEnabled":true},"in2DMode":false,"pivot":{"x":-42.910186767578128,"y":-13.671801567077637,"z":-103.58049011230469},"rotation":{"x":0.010146764107048512,"y":-0.9817951917648315,"z":0.05485314130783081,"w":0.18199695646762849},"size":65.19808197021485,"orthographic":false}